fragment,phase,phase_name,divergence
"本框架不预设""正确答案""，不评估""准确性""",0,stable,-0.001
"各框架结果由各框架自行解释，本方案不提供""参考答案""",0,stable,0.002
各框架的术语和定义被保留，不做强行等同,0,stable,0.001
如果某个框架在某场景下未产生可观测信号，空位本身就是一条数据,0,stable,0.003
本方案本身也在可被审视的范围内,0,stable,-0.001
判断权在观察者手中,0,stable,0.004
本方案与 DeepSeek V4 的发布无关，但它的存在与 DeepSeek 的节奏同步。,2,conflict,1.992
本方案不构成任何行动建议。,2,conflict,1.995
В данной работе мы рассматриваем фундаментальную проблему когерентности в системах искусственного интеллекта.,0,stable,0.002
"Основной вопрос заключается в том, как измерить степень согласованности между различными компонентами архитектуры.",1,doubt,0.999
"Традиционные подходы, основанные на статических метриках, не способны улавливать динамические изменения состояния.",2,conflict,1.998
"Мы предлагаем принципиально новый метод, основанный на отслеживании дивергенции между позицией и когерентностью.",0,stable,0.001
Данный метод позволяет обнаруживать предвестники критических сбоев задолго до их внешнего проявления.,0,stable,0.003
Ключевым элементом нашего подхода является механизм гармонического резонанса между независимыми головами.,0,stable,-0.001
"Когда гармония замолкает, система обязана отказаться от консолидации новых паттернов.",2,conflict,1.994
Это структурное вето предотвращает ложное закрепление ошибочных или недостоверных данных.,2,conflict,1.997
Однако недавние эксперименты показали неожиданные отклонения в поведении системы.,1,doubt,0.998
При увеличении сложности входных данных divergence trace начинает показывать странные паттерны.,1,doubt,1.001
"Возможно, наша интерпретация порога 0.3 была слишком упрощённой для реальных условий.",1,doubt,0.997
"С другой стороны, альтернативные подходы, такие как статические метрики, могут быть более устойчивыми.",1,doubt,0.999
"Традиционные методы, хотя и менее чувствительные, обеспечивают предсказуемость в долгосрочной перспективе.",1,doubt,1.002
"Тем не менее, дополнительные тесты на независимых выборках подтвердили нашу изначальную гипотезу.",3,synthesis,2.991
Порог 0.3 оказался стабильным для широкого класса задач при корректной калибровке.,3,synthesis,2.99
"Таким образом, предложенный метод прошёл всестороннюю проверку и доказал свою эффективность.",4,new_stable,3.993
Гармонический резонанс и структурное вето образуют надёжный фундамент для управления памятью.,4,new_stable,3.994
Чанковая карусель обеспечивает эффективное управление долговременным хранением без потери данных.,4,new_stable,3.992
